study,year,neff,n,n_pca,n_ca,n_cn,n_loci,ancestry,cohorts,notes
Lambert,2013,46668.53011336361,74046,NA,17008,37154,19,NA,NA,NA
Kunkle,2019,88393.98379872295,94437,NA,35274,59163,24,NA,NA,NA
Marioni,2018,218314.16165538947,377012,NA,67614,283095,26,NA,NA,NA
Jansen,2019,242123.90020603704,455258,NA,71880,383378,29,NA,NA,NA
Wightman,2021,332375.5317723021,1126563,NA,90338,1036225,38,NA,NA,NA
Bellenguez,2022,382471.80195414636,788989,46828,111326,677663,75,NA,NA,NA
Naj,2021,242459.70977318904,NA,NA,80685,243682,29,NA,NA,29 in stage 1 + 2; 24 w/ UKB in stage 3
Corder,1993,2,1,NA,1,1,NA,NA,NA,NA
Jonsson,2012,2,1,NA,1,1,NA,NA,NA,NA
