SNP,CHR,BP,GENE,A1,A2,FRQ,P,OR,L95,U95,BETA,SE
rs6656401,1,207692049,CR1,G,A,0.197,5.7e-24,1.18,1.14,1.22,0.16551443847757333,0.017594987791412924
rs6733839,2,127892810,BIN1,C,T,0.409,6.9e-44,1.22,1.18,1.25,0.19885085874516517,0.017008377687546858
rs35349669,2,234068476,INPP5D,C,T,0.488,3.2e-8,1.08,1.05,1.11,0.0769610411361284,0.014372896411579768
rs190982,5,88223420,MEF2C,A,G,0.408,3.2e-8,0.93,0.9,0.95,-0.07257069283483537,0.016729501440301484
rs9271192,6,32578530,HLA-DRB5–,A,C,0.276,2.9e-12,1.11,1.08,1.15,0.10436001532424286,0.013979068463323705
rs10948363,6,47487762,CD2AP,A,G,0.266,5.2e-11,1.1,1.07,1.13,0.09531017980432493,0.014107924148219424
rs2718058,7,37841534,NME8,A,G,0.373,4.8e-9,0.93,0.9,0.95,-0.07257069283483537,0.016729501440301484
rs1476679,7,100004446,ZCWPW1,T,C,0.287,5.6e-10,0.91,0.89,0.94,-0.09431067947124129,0.011338335094239907
rs11771145,7,143110762,EPHA1,G,A,0.338,1.1e-13,0.9,0.88,0.93,-0.10536051565782628,0.011465742781662553
rs28834970,8,27195121,PTK2B,T,C,0.366,7.4e-14,1.1,1.08,1.13,0.09531017980432493,0.009361805442957418
rs9331896,8,27467686,CLU,T,C,0.379,2.8e-25,0.86,0.84,0.89,-0.15082288973458366,0.012005355821527623
rs10838725,11,47557871,CELF1,T,C,0.316,1.1e-8,1.08,1.05,1.11,0.0769610411361284,0.014372896411579768
rs983392,11,59923508,MS4A6A,A,G,0.403,6.1e-16,0.9,0.87,0.92,-0.10536051565782628,0.017296710038612946
rs10792832,11,85867875,PICALM,G,A,0.358,9.3e-26,0.87,0.85,0.89,-0.13926206733350766,0.011865746002177185
rs11218343,11,121435587,SORL1,T,C,0.039,9.7e-15,0.77,0.72,0.82,-0.2613647641344075,0.03425474634572887
rs17125944,14,53400629,FERMT2,T,C,0.092,7.9e-9,1.14,1.09,1.19,0.131028262406404,0.02288294192109775
rs10498633,14,92926952,SLC24A4-,G,T,0.217,5.5e-9,0.91,0.88,0.94,-0.09431067947124129,0.017103414305430407
rs4147929,19,1063443,ABCA7,G,A,0.19,1.1e-15,1.15,1.11,1.19,0.13976194237515863,0.01806220767903866
rs7274581,20,55018260,CASS4,T,C,0.083,2.5e-8,0.88,0.84,0.92,-0.12783337150988489,0.023734701854537202
