SNP,CHR,BP,A1,A2,P,FRQ,OR,BETA,SE,MAF
rs2230288,1,155206167,C,T,1.28243e-12,0.00906382,2.88873,1.06081695917271,0.149491,0.00906382
rs6733839,2,127892810,C,T,4.16037e-9,0.361559,1.25424,0.226529811458275,0.0385412,0.361559
rs6599388,4,939087,C,T,3.53935e-8,0.310388,1.24657,0.220395779644989,0.0399821,0.310388
rs7680557,4,90763360,A,C,9.72911e-11,0.503725,1.271581924208631,0.240261734955546,0.0371284,0.496275
rs769449,19,45410002,G,A,4.6537599999999995e-63,0.100074,2.46483,0.902122839599181,0.0538205,0.100074
